{
  "project_info": {
    "project_number": "25692473934",
    "project_id": "quizseratus-8f30e",
    "storage_bucket": "quizseratus-8f30e.firebasestorage.app"
  },
  "client": [
    {
      "client_info": {
        "mobilesdk_app_id": "1:25692473934:android:d984fbf108f0892ef1511f",
        "android_client_info": {
          "package_name": "com.joshua.quizseratus"
        }
      },
      "oauth_client": [],
      "api_key": [
        {
          "current_key": "AIzaSyA90cXARXuW3fFjlAz0woRMZQT166t2bqQ"
        }
      ],
      "services": {
        "appinvite_service": {
          "other_platform_oauth_client": []
        }
      }
    }
  ],
  "configuration_version": "1"
}